Title,Company,Company Info,Connections,Cover Letter,Description,Due Date,Employment Type,Job URL,Location,Location Type,Posted Date,Role Glance,Salary,Stage Group,Stage: Date applied,Stage: Status,Stoke Level
"Senior Product Manager, Notifications Engagement",,,,,,,,https://job-boards.greenhouse.io/reddit/jobs/6718343,,remote,,Reddit-Sr Prod Mgr-Notifications Engagement,"$190,800 - $276,100 USD",Queued,,Priotized,
Senior Engineering Manager,,,,,,,,https://superhuman.com/roles?gh_jid=6855449,,remote,,Superhuman-SrEM,"$115,000-$210,000",Queued,,Priotized,
Engineering Manager II,,,,,,,,https://www.meetdandy.com/careers/job/?ashby_jid=ebecc7fb-0170-40e1-a959-c62c46316cd3,,remote,,Dandy-EM II,$230K – $257K • Offers Equity,Queued,,Priotized,
"Senior Engineering Manager, User Management",,,,,,,,https://ellevationeducation.com/current-openings,,remote,,EllevationEducation-Sr EM-User Management,"$185,000 - $225,000 a year",Queued,,Priotized,
Software Engineering Manager,,,,,,,,https://jobs.ebayinc.com/us/en/job/R0066132/Software-Engineering-Manager-1,,remote,,eBay-SWE EM,"$132,000 - $222,100",Queued,,Priotized,
"Engineering Manager, Web Platform",,,,,,,,https://www.skillsoft.com/about/job/apply?id=4557996005&_gl=1*854p5b*_up*MQ..*_ga*MTg1NzI0NzU1OC4xNzQ2NDg2NjY5*_ga_F1623ZNSZZ*czE3NDY0ODY2NjkkbzEkZzEkdDE3NDY0ODcwMTQkajAkbDAkaDA.,,remote,,Skillsoft-EM-Web Platform,"$165,000 to $178,000",Queued,,Priotized,
Unknown,,,,,,,,https://canada-appliedsystems.icims.com/jobs/6599/manager%2c-software-engineering/job?hub=15&_gl=1*5y67p6*_ga*NDk3OTg4ODI5LjE3NDM1NTAxODg.*_ga_5Y2BYGL910*czE3NDY0ODcxNjIkbzE2JGcxJHQxNzQ2NDg3MTcwJGo1MiRsMCRoMA..&mobile=false&width=851&height=500&bga=true&needsRedirect=false&jan1offset=-420&jun1offset=-360,,unfound,,Unknown-Unknown,Unknown,Queued,,Priotized,
Software Engineering Manager,,,,,,,,https://jobs.ebayinc.com/us/en/job/R0066132/Software-Engineering-Manager-1,,remote,,eBay-SWE EM,"$132,000 - $222,100",Queued,,Priotized,
"Engineering Manager, Web Platform",,,,,,,,https://www.skillsoft.com/about/job/apply?id=4557996005&_gl=1*854p5b*_up*MQ..*_ga*MTg1NzI0NzU1OC4xNzQ2NDg2NjY5*_ga_F1623ZNSZZ*czE3NDY0ODY2NjkkbzEkZzEkdDE3NDY0ODcwMTQkajAkbDAkaDA.,,remote,,Skillsoft-EM-Web Platform,"$165,000 to $178,000",Queued,,Priotized,
Engineer Manager - UI Engineering Tech Lead (Remote),,,,,,,,https://www.linkedin.com/jobs/search/?currentJobId=4182302130&f_C=7596960&geoId=92000000&origin=COMPANY_PAGE_JOBS_CLUSTER_EXPANSION&originToLandingJobPostings=4090617212%2C4203428304%2C4174199273%2C4007850637%2C4184224288%2C4202542107%2C4147082439%2C4173330320%2C4164527790,,remote,,Machinify-Engineer Mgr - UI Eng Tech Lead (Remote),"$210,000-$250,000",Queued,,Priotized,
Engineering Manager - Product Engineering,,,,,,,,https://job-boards.greenhouse.io/underdogfantasy/jobs/4330346005,,remote-eligible,,Underdog-EM - Prod Eng,"$190,000 and $215,000, plus target equity",Queued,,Priotized,
"Support Engineering Manager, US Government",,,,,,,,https://job-boards.greenhouse.io/gitlab/jobs/7893816002,,remote,,GitLab-Support EM-US Government,"$98,000 - $210,000 USD",Queued,,Priotized,
Engineering Manager,,,,,,,,https://jobs.ashbyhq.com/orca/e7206196-830d-4877-9584-53b247efca3e?utm_campaign=google_jobs_apply&utm_source=google_jobs_apply&utm_medium=organic,,remote,,Orca-EM,$180K – $230K,Queued,,Priotized,
"Senior Engineering Manager, Docs",,,,,,,,https://clickup.com/careers?gh_jid=5530507004&title=Senior%2520Engineering%2520Manager%252C%2520Docs&department=Engineering&location=United%2520States,,remote-eligible,,ClickUp-Sr EM-Docs,Not listed,Queued,,Priotized,
Engineering Manager,,,,,,,,https://snapsheet.applytojob.com/apply/bCclP9jHAQ/Engineering-Manager,,remote,,Snapsheet-EM,Not listed,Queued,,Priotized,
"Engineering Manager, Platform",,,,,,,,https://jobs.lever.co/cardata/ad794b87-6786-4ea4-a54a-2aeb375aafa3,,remote,,Cardata-EM-Platform,Not listed,Queued,,Priotized,
Engineering Manager - App Partner Integrations,,,,,,,,https://www.clever.com/about/careers?gh_jid=6714827,,remote,,Clever-EM-App Partner Integrations,"$161,000-$190,000",Queued,,Priotized,
Engineering Manager - Payments,,,,,,,,https://jobs.lever.co/getsquire/d0deabce-e86f-469d-acbc-d66f4d3c5d30,,remote,,SQUIRE-EM - Payments,"$180,000 - $210,000",Queued,,Priotized,
Engineering Manager,,,,,,,,https://jobs.lever.co/getsquire/0674effb-7c90-41d2-86fb-e49a08d150d4,,remote,,SQUIRE-EM,"$180,000 - $210,000",Queued,,Priotized,
Software Engineering Manager,,,,,,,,https://jobs.yum.com/jobs/general/united-states/software-engineering-manager-labor-inventory-/3730#/,,remote-eligible,,"Yum!Brands,Inc.-SWE EM","$145,200 to $181,900 annually + bonus eligibility",Queued,,Priotized,
Engineering Manager,,,,,,,,https://job-boards.greenhouse.io/earnest/jobs/6805316,,hybrid,,Earnest-EM,"$200,000 - $256,000 USD",Queued,,Priotized,
Engineering Manager (Consumer),,,,,,,,https://ats.rippling.com/trustandwill/jobs/552d8c16-905a-4d1c-a0e6-697ebbb235a4,,remote,,Trust&Will-EM (Consumer),"$154,000 - $208,000",Queued,,Priotized,
Engineering Manager,,,,,,,,https://careers.nemetschek.com/Bluebeam/job/Engineering-Manager/1156406655/,,remote-eligible,,Bluebeam-EM,"$150,000 – $210,000",Queued,,Priotized,
Offsite-SWE,,,,,,,,,,remote,,Offsite-IC-,,Queued,,,🔥 Meh
EasyPost-SrEM-Financial Infra,,,,,,,,https://jobs.lever.co/easypost-2/c59197c6-cf30-4cd3-8256-fe95c5dc4af3,,remote,,,,Outstanding Applications,,Applied,🔥🔥 Solid Yes
Zapier-EM-Revenue,,,,,,,,https://jobs.ashbyhq.com/zapier/c05885b8-7bae-404c-b34a-d2543e1379d5,,remote,,,,Signal,,Rejected (Post Interview),🔥🔥🔥 Hell Yes
Airbnb-EM-Messaging,,,,,,,,https://careers.airbnb.com/positions/6628190/,,remote,,,,Outstanding Applications,,Applied,🔥🔥🔥 Hell Yes
Reddit-EM-User Adoption,,,,,,,,https://job-boards.greenhouse.io/reddit/jobs/6730375,,remote,,,,Rejected,,Rejected/Filled/Closed,🔥🔥 Solid Yes
Substack-EM,,,,,,,,https://job-boards.greenhouse.io/substack/jobs/4540096005,,remote,,,,Signal,,Rejected (Post Interview),🔥🔥🔥 Hell Yes
Notion-EM-Core Product,,,,,,,,https://job-boards.greenhouse.io/notion/jobs/6319873003,,hyrbid,,,,Rejected,,Rejected/Filled/Closed,🔥 Meh
Netflix-EM-Asset Personalization,,,,,,,,https://explore.jobs.netflix.net/careers?query=engineering%20manager&pid=790300261165&domain=netflix.com&sort_by=relevance&utm_source=Netflix%20Careersite,,remote,,,,Outstanding Applications,,Applied,🔥🔥 Solid Yes
OpenAI-EM-ChatGPT Premium,,,,,,,,https://openai.com/careers/engineering-manager-chatgpt-premium/,,onsite,,,,Outstanding Applications,,Applied,🔥🔥🔥 Hell Yes
Brex-EM-Growth,,,,,,,,https://www.brex.com/careers/7841864002,,onsite,,,,Outstanding Applications,,Applied,🔥 Meh
Back Market-SrEM-Checkout,,,,,,,,https://jobs.lever.co/backmarket/040db253-3902-48be-9435-81f816d7357f,barcelona,hyrbid,,,,Rejected,,Rejected/Filled/Closed,🔥 Meh
Mercury-EM-Banking,,,Gabe Levasseur (CareerOps%2002580f8774c149cbb9955d98d0e5a0f1/Connections%20-%20OG%201ca6509554a780a3ad49c2eacc0ad735/Gabe%20Levasseur%201ca6509554a7804da021f1b2508616ef.md),,,,,https://job-boards.greenhouse.io/mercury/jobs/5446263004,,remote,,,,Rejected,,Rejected/Filled/Closed,🔥🔥 Solid Yes
Stripe-EM-FE/FS Product & Business,,,"Jennette P (CareerOps%2002580f8774c149cbb9955d98d0e5a0f1/Connections%20-%20OG%201ca6509554a780a3ad49c2eacc0ad735/Jennette%20P%201ca6509554a7809dae12f4455aadb4ce.md), Sam Sweeney (CareerOps%2002580f8774c149cbb9955d98d0e5a0f1/Connections%20-%20OG%201ca6509554a780a3ad49c2eacc0ad735/Sam%20Sweeney%201ca6509554a78011b4f7eca436570d87.md)",,,,,https://stripe.com/jobs/listing/engineering-manager-frontend-full-stack-product-and-business/6616021,,remote,,,,Queued,,,🔥🔥🔥 Hell Yes
Microsoft-PrEM-Thread Modeling,,,David Ford (CareerOps%2002580f8774c149cbb9955d98d0e5a0f1/Connections%20-%20OG%201ca6509554a780a3ad49c2eacc0ad735/David%20Ford%201ca6509554a7809e8515dd0c0ec02323.md),,,,,https://jobs.careers.microsoft.com/global/en/job/1814978/Principal-Engineering-Manager,,onsite,,,,Outstanding Applications,,Applied,🔥 Meh
Tiktok-EM,,,,,,,,https://lifeattiktok.com/search/7161173034237413663,,onsite,,,,Outstanding Applications,,Applied,🔥 Meh
Zillow-SrEM-Platform Engineering,,,,,,,,https://zillow.wd5.myworkdayjobs.com/en-US/Zillow_Group_External/details/Senior-Manager--Site-Reliability-Engineering_P745440-1?q=engineering%20manager&locations=bf3166a9227a01f8b514f0b00b147bc9,,remote,,,,Rejected,,Rejected/Filled/Closed,🔥 Meh
Zwift-EM,,,,,,,,https://www.zwift.com/careers?gh_jid=7803275002#grnhse-job-details,,remote,,,"$128,000-$204,000",Rejected,,Rejected/Filled/Closed,
SeatGeek-LSWE,,,,,,,,https://seatgeek.com/jobs/6367575,,remote,,,,Queued,,,❄️ Just Curious
Block-ProM,,,,,,,,https://block.xyz/careers/jobs/4140247008,,remote,,,"$148,300—$222,500",Queued,,,
GitLab-EM,,,,,,,,,,remote,,,,Rejected,,Rejected/Filled/Closed,🔥 Meh
GitHub-EM,,,,,,,,https://www.github.careers/careers-home/jobs/3375?lang=en-us,,remote,,,,Rejected,,Rejected/Filled/Closed,🔥🔥 Solid Yes
Headway-SrEM-Patient Growth,,,,,,,,https://job-boards.greenhouse.io/headway/jobs/5453462004,,remote,,,"$234,000-$276000",Rejected,,Rejected/Filled/Closed,
Forward Financing-EM-,,,,,,,,https://www.forwardfinancing.com/careers/open-jobs/individual-job/?id=725c4339-42fa-41e6-8e97-85de5e05e4ea,,remote,,,,Rejected,,Rejected/Filled/Closed,
Cedar-EM-Comms & Login,,,,,,,,https://www.cedar.com/open-roles/?gh_jid=6471752,,remote,,,"$195,000-$230,000",Rejected,,Rejected/Filled/Closed,
Ashby-EM-product,,,,,,,,https://www.ashbyhq.com/careers?ashby_department_id=d22def71-84b4-4837-b73f-854a46fdb3fc&ashby_jid=933570bc-a3d6-4fcc-991d-dc399c53a58a,,remote,,,"$160,000-$250,000",Rejected,,Rejected/Filled/Closed,
ChainLink Labs-EM-Payments,,,,,,,,https://chainlinklabs.com/open-roles?ashby_jid=c0c67dfb-5e91-4cdc-b740-394bc5808643,,remote,,,,Queued,,,
DataDog-EM,,,,,,,,,,onsite,,,,Queued,,,
Kustomer-EM-Platform,,,,,,,,https://jobs.ashbyhq.com/Kustomer/2e9ac855-bdcc-4790-9da8-37d67826833e?embed=js,,remote,,,,Rejected,,Rejected/Filled/Closed,
Kyruus Health-SrEM,,,,,,,,https://jobs.lever.co/kyruushealth/9c892ab4-371e-40c4-8c93-1fa43904de8d,,remote,,,"$155,000 - $191,000",Queued,,,
Samsara-EM,,,,,,,,https://www.samsara.com/company/careers/roles/6737317?gh_jid=6737317,,remote,,,,Outstanding Applications,,Applied,🔥🔥 Solid Yes
Netlify-PrSE,,,,,,,,https://job-boards.greenhouse.io/netlify/jobs/7894033002,,remote,,,,Queued,,,
SnapDocs-EM,,,,,,,,https://job-boards.greenhouse.io/snapdocs/jobs/5485673004,,remote,,,"$168,000-$210,000",Rejected,,Rejected/Filled/Closed,
Headspace-EM,,,,,,,,https://job-boards.greenhouse.io/hs/jobs/6569884,,remote,,,"$131,414 - $197,100",Queued,,,
Tomorrow Health-SrEM,,,,,,,,https://job-boards.greenhouse.io/tomorrowhealth/jobs/7930264002,,remote,,,"$200,000-$250,000",Outstanding Applications,,Applied,
Renew-EM-Platform,,,,,,,,https://jobs.gem.com/renew/am9icG9zdDrrrZ5T0bsIYfw5dMAAwr4O,,remote,,,,Outstanding Applications,,Applied,
SmartAsset-EM,,,,,,,,https://job-boards.greenhouse.io/smartasset/jobs/7849724002,,remote,,,"$176,000-$230,000",Outstanding Applications,,Applied,
Smartsheet-SrEM-Content,,,,,,,,https://www.smartsheet.com/careers/position/6609575/senior-manager-engineering-content-remote-eligible,,remote-eligible,,,"$200,000-$252,000",Outstanding Applications,,Applied,
TRM-AIEM,,,,,,,,http://job-boards.greenhouse.io/embed/job_app?for=trmlabs&token=5489002004,,remote,,,,Queued,,,
Spreedly-EM-Platform,,,,,,,,https://jobs.lever.co/spreedly/64278087-c819-4198-a5b8-6adc23010edc,,remote,,,,Signal,,Rejected (Post Interview),
Mattermost-EM,,,,,,,,https://jobs.lever.co/mattermost/b721f37e-704c-4fd6-916a-2d1b2a1202cb,,remote,,,"$145,000 - $200,000",Outstanding Applications,,Applied,
MikMak-EM,,,,,,,,https://www.mikmak.com/join?gh_jid=7857608002,,remote,,,,Rejected,,Rejected/Filled/Closed,
TrueML-EM,,,,,,,,https://jobs.lever.co/trueml/d77105a8-f411-42a7-b23c-67687a7fa9b4,,remote,,,"$111,792 - $165,796",Outstanding Applications,,Applied,
TrueML-EM-Agentic Workflow,,,,,,,,https://jobs.lever.co/trueml/28105f32-1d8e-470e-b5cf-586fb84699b1,,remote,,,"$111,722 - $165,796",Outstanding Applications,,Applied,
Addepar-EM-OMS,,,,,,,,https://job-boards.greenhouse.io/addepar1/jobs/7918183002,,remote,,,"$160,000 - $250,000",Outstanding Applications,,Applied,
Ellevation Education-EM,,,,,,,,https://ellevationeducation.com/current-openings,,remote,,,"$155,000-$205,000",Queued,,,
Fingerprint-EM-Smart Signals,,,,,,,,https://fingerprint.com/careers/jobs/apply/?gh_jid=5458695004,,remote,,,"$160,000-$255,000",Outstanding Applications,,Applied,
Flox-TEM,,,,,,,,https://wellfound.com/jobs/3186444-technical-engineering-manager?utm_campaign=startup_share&utm_content=startup_share_module&utm_medium=social&utm_term=flox-dev,,remote,,,"$180,000-$230,000",Outstanding Applications,,Applied,
Pathstream-EM,,,,,,,,https://job-boards.greenhouse.io/pathstream/jobs/6510562003,,remote,,,"$126,000-$160,000",Rejected,,Rejected/Filled/Closed,
Atlassian-SrEM,,,,,,,,https://www.atlassian.com/company/careers/details/18702,,remote,,,,Queued,,,
CrowdStrike-EM,,,,,,,,https://crowdstrike.wd5.myworkdayjobs.com/en-US/crowdstrikecareers/details/Senior-Engineering-Manager---UI-Developer-Experience--Remote-_R21925?q=engineering%20manager&locationCountry=bc33aa3152ec42d4995f4791a106ed09,,remote,,,"$155,000-$255,000",Rejected,,Rejected/Filled/Closed,
Angi-EM-product,,,,,,,,,,remote,,,"$130,000-$230,000",Outstanding Applications,,Applied,
Headway-SrEM-CX&Groups,,,,,,,,https://job-boards.greenhouse.io/headway/jobs/5458073004,,remote,,,"$234,000-$276000",Rejected,,Rejected/Filled/Closed,
Workday-EM-SRE,,,,,,,,https://workday.wd5.myworkdayjobs.com/en-US/Workday/details/Manager--Software-Development-Engineering--SRE--US-Federal-_JR-0095988?q=engineering%20manager&source=Careers_Website&locations=9821e80f698e10fe45f138d1947cc62f,,hyrbid,,,"$153,600-$230,400",Rejected,,Rejected/Filled/Closed,
Workiva-EM-FED,,,,,,,,https://workiva.wd1.myworkdayjobs.com/en-US/careers/details/Engineering-Manager_R9998?q=engineering%20manager,,remote,,,"$129,000-$207,000",Outstanding Applications,,Applied,
Figma-EM-Deploys,,,,,,,,https://job-boards.greenhouse.io/figma/jobs/5232670004?gh_jid=5232670004,,remote,,,"$250,000-$350,000",Rejected,,Rejected/Filled/Closed,
Workday-EM-Devops,,,,,,,,https://workday.wd5.myworkdayjobs.com/en-US/Workday/details/Manager--Software-Development-Engineering--DevOps----Evisort_JR-0095398?q=engineering%20manager&source=Careers_Website&locations=9821e80f698e10fe45f138d1947cc62f,,hyrbid,,,"$153,600-$230,400",Rejected,,Rejected/Filled/Closed,
"Engineering Manager, Business Experiences",,,,,,,,https://job-boards.greenhouse.io/reddit/jobs/6756651,,remote-eligible,,Reddit-EM-Business Experiences,"$217,000 - $303,900 USD",Queued,,,
Solutions Engineering Manager,,,,,,,,https://job-boards.greenhouse.io/healthie/jobs/4541885005,,remote,,Healthie-Solutions EM,"$180,000 - $200,000 per year",Rejected,"May 2, 2025",Rejected/Filled/Closed,
Software Engineering Manager,,,,,,,,https://careers-buspatrol.icims.com/jobs/1735/software-engineering-manager/job,,remote,,BusPatrol-EM-,"$160,000-$180,000",Outstanding Applications,"May 2, 2025",Applied,
Backend Software Engineering Manager (Billing Engineer),,,,,,,,https://jobs.philo.com/job/backend-software-engineering-manager-billing-engineer-,,remote-eligible,,Philo-BE SWE EM (Billing Engineer),USD 162000 - 240000,Outstanding Applications,"May 2, 2025",Applied,
"Manager, Engineering - Remote",,,,,,,,https://ats.rippling.com/teamworks-careers/jobs/a79c7d51-14fc-42a0-879b-2ac19735af53,,remote,,Teamworks-Mgr-Eng - Remote,"160,000 USD per year",Outstanding Applications,"May 2, 2025",Applied,
"Manager, Engineering - Ads",,,,,,,,https://job-boards.greenhouse.io/myfitnesspal/jobs/6302026,,remote,,MyFitnessPal-Mgr-Eng - Ads,"$185,000 - $228,000",Queued,,,
Platform Engineering Manager,,,,,,,,https://ats.rippling.com/roadrunner-careers/jobs/9c7f3dd3-b558-4dd1-974e-51ecb8565850,,remote,,RoadRunner-Platform EM,"180,000 - 200,000 USD per year",Outstanding Applications,"May 2, 2025",Applied,
"Engineering Manager, Web",,,,,,,,https://technologyadvice.com/careers/opportunities/5460059004/,,remote,,TechnologyAdvice-EM-Web,"$130,000—$170,000 USD",Rejected,"May 2, 2025",Rejected/Filled/Closed,
"Software Engineering Manager/Coach, Client Management Team",,,,,,,,https://speridiantechnologies.applytojob.com/apply/VjCoCO5rm4/Software-Engineering-ManagerCoach-Client-Management-Team?source=Our%20Career%20Page%20Widget,,hybrid,,SperidianTechnologies-SWE EM/Coach-Client Management Team,Not listed,Outstanding Applications,"May 2, 2025",Applied,
Engineering Manager,,,,,,,,https://www.prepared911.com/careers/972ed475-add2-463b-baad-5aa6003ffd46,,remote,,Prepared-EM,"$213,000-$230,000 per year + company equity",Queued,"May 2, 2025",,
Engineering Manager,,,"Isaac Elias (CareerOps%2002580f8774c149cbb9955d98d0e5a0f1/Connections%20-%20OG%201ca6509554a780a3ad49c2eacc0ad735/Isaac%20Elias%201fb6509554a7815ebafec2b534b4eeed.md), Olivia Wong (CareerOps%2002580f8774c149cbb9955d98d0e5a0f1/Connections%20-%20OG%201ca6509554a780a3ad49c2eacc0ad735/Olivia%20Wong%201fb6509554a781cb9c1be37436751d27.md), Klaudia Stewart (CareerOps%2002580f8774c149cbb9955d98d0e5a0f1/Connections%20-%20OG%201ca6509554a780a3ad49c2eacc0ad735/Klaudia%20Stewart%201fb6509554a78197af94d780c6b3a005.md), Arthur Thornton (CareerOps%2002580f8774c149cbb9955d98d0e5a0f1/Connections%20-%20OG%201ca6509554a780a3ad49c2eacc0ad735/Arthur%20Thornton%201fb6509554a7816d950ac1faac880199.md), Pete Taylor (CareerOps%2002580f8774c149cbb9955d98d0e5a0f1/Connections%20-%20OG%201ca6509554a780a3ad49c2eacc0ad735/Pete%20Taylor%201fb6509554a7819a8e53ce5599fedbc0.md), Natasha Martin (CareerOps%2002580f8774c149cbb9955d98d0e5a0f1/Connections%20-%20OG%201ca6509554a780a3ad49c2eacc0ad735/Natasha%20Martin%201fb6509554a781ec8993ede0a6295664.md)",,,,,https://www.wrapbook.com/careers?ashby_jid=200bf33a-f5b9-430c-a7ce-89827c3fc372#open-positions,,remote,,Wrapbook-EM,"$174,000-$237,000",Queued,"May 2, 2025",,
"Engineering Manager, Software Engineering",,,,,,,,https://fa-exki-saasfaprod1.fa.ocs.oraclecloud.com/hcmUI/CandidateExperience/en/sites/CX_1/jobs/preview/22622/?keyword=engineering+manager&mode=location,,remote,,Fanatics-EM,"$144,000-$240,000",Outstanding Applications,"May 1, 2025",Applied,
"Manager, Solutions Engineering",,,,,,,,https://job-boards.greenhouse.io/omadahealth/jobs/6764345,,remote,,OmadaHealth-Mgr-Solutions Eng,"$171,600 - $214,500",Outstanding Applications,"May 2, 2025",Followed up,
Engineering Manager,,,,,,,,https://ats.rippling.com/pearl-inc/jobs/a119b18c-35f4-4859-9186-2102af9f9763,,remote,,Pearl-EM,Not listed,Signal,"May 1, 2025",Interviewing,
"Engineering Manager, Monetization",,,,,,,,https://vimeo.com/careers/jobs/6745916,,remote-eligible,,Vimeo-EM-Monetization,"$158,000 - $216,500",Rejected,"May 1, 2025",Rejected/Filled/Closed,
Engineering Manager,,,,,,,,https://job-boards.greenhouse.io/engine/jobs/6296497003,,remote,,Engine-EM,"$185,000 to $220,000",Rejected,"May 1, 2025",Rejected/Filled/Closed,
Engineering Manager - User Adoption,,,,,,,,https://job-boards.greenhouse.io/reddit/jobs/6730375,,remote,,Reddit-EM - User Adoption,"$230,000 - $322,000 USD",Queued,,,
Engineer Manager II - Ecommerce,,,,,,,,https://careers.toasttab.com/jobs/engineer-manager-ii-ecommerce-remote-united-states,,remote,,Toast-Engineer Mgr II - Ecommerce,"$155,000—$248,000 USD",Outstanding Applications,"May 5, 2025",Followed up,
Growth Engineering Manager,,,,,,,,https://job-boards.greenhouse.io/classdojo/jobs/6611747,,remote-eligible,,ClassDojo-Growth EM,"$170,000 - $235,000 (USD)",Signal,,Interviewing,
Engineering Manager,,,,,,,,https://job-boards.greenhouse.io/carrotfertility/jobs/5469805004,,remote,"July 21, 2025",CarrotFertility-EM 1,"$180,000-$200,000",Queued,,,
Engineering Manager,,,,,,,,https://vercel.com/careers/engineering-manager-us-5386919004,,remote,,Vercel-EM,"The San Francisco, CA base pay range for this role is $196,000-$294,000. Pay ranges outside San Francisco may be adjusted based on employee location.",Outstanding Applications,"May 5, 2025",Applied,
Explore Exciting Careers,,,,,,,,https://guidewheel.com/careers?gh_jid=5492310004,,remote,,Guidewheel-Explore Exciting Careers,Not listed,Outstanding Applications,,Applied,
"Engineering Manager, Catalog",,,,,,,,https://jobs.ashbyhq.com/zapier/c05885b8-7bae-404c-b34a-d2543e1379d5,,remote,,Zapier-EM-Catalog,"Canada CA$187.8K – CA$281.7K, United States $187.8K – $281.7K",Outstanding Applications,,Applied,
Lead Software Engineer,,,,,,,,https://seatgeek.com/jobs/6367575,,remote,,SeatGeek-Lead SWE Engineer,Not listed,Queued,,,
Principal Software Development Engineer,,,,,,,,https://zillow.wd5.myworkdayjobs.com/en-US/Zillow_Group_External/details/Principal-Software-Development-Engineer_P747396?q=engineer&locations=bf3166a9227a01f8b514f0b00b147bc9,,remote,,Zillow-Principal SWE Development Engineer,"$186,700.00 - $298,300.00 Annually",Queued,,,
Senior Full-Stack Engineer,,,,,,,,https://job-boards.greenhouse.io/mercury/jobs/5493086004,,remote-eligible,,Mercury-Sr Full-Stack Engineer,"US employees (any location): $166,600 - $208,300 Canadian employees (any location): CAD 157,400 - 196,800",Queued,,,
"Staff Software Engineer, Feature",,,,,,,,https://job-boards.greenhouse.io/engine/jobs/5933729003,,remote,,Engine-Staff SWE Engineer-Feature,"$190,000 - $240,000 USD",Queued,,,
Lead Software Engineer,,,,,,,,https://seatgeek.com/jobs/6367575,,remote,,SeatGeek-Lead SWE Engineer,Not listed,Queued,,,
"Senior Software Engineer, Fullstack",,,,,,,,https://job-boards.greenhouse.io/hs/jobs/6564414,,remote,,Headspace-Sr SWE Engineer-Fullstack,"$122,400-$195,500 + equity + benefits",Queued,,,
Senior Full-Stack Engineer,,,,,,,,https://job-boards.greenhouse.io/mercury/jobs/5493086004,,remote-eligible,,Mercury-Sr Full-Stack Engineer,"US employees (any location): $166,600 - $208,300 Canadian employees (any location): CAD 157,400 - 196,800",Queued,,,
Senior Full-Stack Engineer,,,,,,,,https://job-boards.greenhouse.io/mercury/jobs/5493086004,,remote-eligible,,Mercury-Sr Full-Stack Engineer,"US employees (any location): $166,600 - $208,300 Canadian employees (any location): CAD 157,400 - 196,800",Queued,,,
"Lead Software Engineer, Payments",,,,,,,,https://job-boards.greenhouse.io/carrotfertility/jobs/5575239004,,remote,,CarrotFertility-Lead SWE Engineer-Payments,"$150,000.00 - $170,000.00",Queued,,,
Senior Full-Stack Engineer,,,,,,,,https://job-boards.greenhouse.io/classdojo/jobs/6367185,,remote-eligible,,ClassDojo-Sr Full-Stack Engineer,"CA, WA, NY, NJ, CT states: $171,500 - $250,000 (USD) All other states in the US: $146,000 - $215,000 (USD)",Queued,,,
Software Engineer (Frontend),,,,,,,,https://jobs.ashbyhq.com/orca/e607edad-9f04-4e2a-9211-f41b4bab23a0?utm_campaign=google_jobs_apply&utm_source=google_jobs_apply&utm_medium=organic,,remote,,Orca-SWE Engineer (FE),"140,000 - 190,000 USDC",Queued,,,
Senior Software Engineer,,,,,,,,https://snapsheet.applytojob.com/apply/jQXm2weKxn/Senior-Software-Engineer-Claims-Management,,remote,,Snapsheet-Sr SWE Engineer,"$135,000 - $165,000",Queued,,,
"Sr. Engineer, Fullstack (Zapier MCP)",Zapier,,,,,,full-time,https://jobs.ashbyhq.com/zapier/b52d1198-b22c-4871-8e36-f5cd4931f07f,Americas,remote,"June 28, 2025",Zapier-Sr. Engineer-Fullstack (Zapier MCP),$170.8K – $224.1K,Queued,,,
"Sr. Engineer, Fullstack (Zapier MCP)",Zapier,,,,,,full-time,https://jobs.ashbyhq.com/zapier/b52d1198-b22c-4871-8e36-f5cd4931f07f,Americas,remote,"June 28, 2025",Zapier-Sr. Engineer-Fullstack (Zapier MCP) TEST,$170.8K – $224.1K,Queued,,,
"Sr. Engineer, Fullstack (Zapier MCP)",Zapier,,,,,,full-time,https://jobs.ashbyhq.com/zapier/b52d1198-b22c-4871-8e36-f5cd4931f07f,Americas,remote,"June 28, 2025",Zapier-Sr. Engineer-Fullstack (Zapier MCP),$170.8K – $224.1K,Queued,,,
"Sr. Engineer, Fullstack (Zapier MCP)",Zapier,,,,,,full-time,https://jobs.ashbyhq.com/zapier/b52d1198-b22c-4871-8e36-f5cd4931f07f,NAMER,remote,"June 28, 2025",Zapier-Sr. Engineer-Fullstack (Zapier MCP) current,United States $170.8K – $224.1K • Offers Equity • Offers Bonus Canada CA$170.8K – CA$224.1K • Offers Equity • Offers Bonus,Queued,,,
"Sr. Engineer, Fullstack (Zapier MCP)",Zapier,,,,,,full-time,https://jobs.ashbyhq.com/zapier/b52d1198-b22c-4871-8e36-f5cd4931f07f,NAMER,remote,"June 28, 2025",Zapier-Sr. Engineer-Fullstack (Zapier MCP),United States $170.8K – $224.1K • Offers Equity • Offers Bonus Canada CA$170.8K – CA$224.1K • Offers Equity • Offers Bonus,Queued,,,
"Sr. Engineer, Fullstack (Zapier MCP)",Zapier,,,,,,full-time,https://jobs.ashbyhq.com/zapier/b52d1198-b22c-4871-8e36-f5cd4931f07f,NAMER,remote,"June 28, 2025",1 Zapier-Sr. Engineer-Fullstack (Zapier MCP),United States $170.8K – $224.1K • Offers Equity • Offers Bonus Canada CA$170.8K – CA$224.1K • Offers Equity • Offers Bonus,Queued,,,
"Sr. Engineer, Fullstack (Zapier MCP)",Zapier,,,,,,full-time,https://jobs.ashbyhq.com/zapier/b52d1198-b22c-4871-8e36-f5cd4931f07f,NAMER,remote,"June 28, 2025",Zapier-Sr. Engineer-Fullstack (Zapier MCP) current,United States $170.8K – $224.1K • Offers Equity • Offers Bonus Canada CA$170.8K – CA$224.1K • Offers Equity • Offers Bonus,Queued,,,
"Sr. Engineer, Fullstack (Zapier MCP)",Zapier,,,,,,full-time,https://jobs.ashbyhq.com/zapier/b52d1198-b22c-4871-8e36-f5cd4931f07f,NAMER,remote,"June 28, 2025",1 Zapier-Sr. Engineer-Fullstack (Zapier MCP),United States $170.8K – $224.1K • Offers Equity • Offers Bonus Canada CA$170.8K – CA$224.1K • Offers Equity • Offers Bonus,Queued,,,
"Sr. Engineer, Fullstack (Zapier MCP)",Zapier,,,,,,full-time,https://jobs.ashbyhq.com/zapier/b52d1198-b22c-4871-8e36-f5cd4931f07f,NAMER,remote,"June 28, 2025",2 Zapier-Sr. Engineer-Fullstack (Zapier MCP),United States $170.8K – $224.1K • Offers Equity • Offers Bonus Canada CA$170.8K – CA$224.1K • Offers Equity • Offers Bonus,Queued,,,
"Sr. Engineer, Fullstack (Zapier MCP)",Zapier,,,,,,full-time,https://jobs.ashbyhq.com/zapier/b52d1198-b22c-4871-8e36-f5cd4931f07f,NAMER,remote,"June 28, 2025",3 Zapier-Sr. Engineer-Fullstack (Zapier MCP),United States $170.8K – $224.1K • Offers Equity • Offers Bonus Canada CA$170.8K – CA$224.1K • Offers Equity • Offers Bonus,Queued,,,
"Sr. Engineer, Fullstack (Zapier MCP)",Zapier,,,,,,full-time,https://jobs.ashbyhq.com/zapier/b52d1198-b22c-4871-8e36-f5cd4931f07f,NAMER,remote,"June 28, 2025",4 Zapier-Sr. Engineer-Fullstack (Zapier MCP),United States $170.8K – $224.1K • Offers Equity • Offers Bonus Canada CA$170.8K – CA$224.1K • Offers Equity • Offers Bonus,Queued,,,